{"cameraMode":{"drawMode":0,"name":"Shaded","section":"Shading Mode"},"sceneLighting":true,"audioPlay":false,"sceneViewState":{"m_AlwaysRefresh":false,"showFog":true,"showSkybox":true,"showFlares":true,"showImageEffects":true,"showParticleSystems":true,"showVisualEffectGraphs":true,"m_FxEnabled":true},"in2DMode":false,"pivot":{"x":-21.843923568725587,"y":18.309377670288087,"z":65.5134048461914},"rotation":{"x":-0.06984613090753555,"y":-0.09590797871351242,"z":-0.006676061078906059,"w":0.9929312467575073},"size":47.249534606933597,"orthographic":false}