{"cameraMode":{"drawMode":0,"name":"Shaded","section":"Shading Mode"},"sceneLighting":true,"audioPlay":false,"sceneViewState":{"m_AlwaysRefresh":false,"showFog":true,"showSkybox":true,"showFlares":true,"showImageEffects":true,"showParticleSystems":true,"showVisualEffectGraphs":true,"m_FxEnabled":true},"in2DMode":false,"pivot":{"x":-0.5376243591308594,"y":-4.721144676208496,"z":30.063007354736329},"rotation":{"x":0.0773262232542038,"y":-0.006568103097379208,"z":0.0006447946652770042,"w":0.9970404505729675},"size":16.289382934570314,"orthographic":false}