{"cameraMode":{"drawMode":0,"name":"Shaded","section":"Shading Mode"},"sceneLighting":true,"audioPlay":false,"sceneViewState":{"m_AlwaysRefresh":false,"showFog":true,"showSkybox":true,"showFlares":true,"showImageEffects":true,"showParticleSystems":true,"showVisualEffectGraphs":true,"m_FxEnabled":true},"in2DMode":false,"pivot":{"x":0.9668273329734802,"y":-1.3796451091766358,"z":-3.6240382194519045},"rotation":{"x":-0.19980531930923463,"y":-0.03761844336986542,"z":0.0076769194565713409,"w":-0.9790839552879334},"size":5.4959635734558109,"orthographic":false}